fold,accuracy,precision,recall,f1_score,statistical_parity,equal_opportunity,average_odds,wc_statistical_parity,wc_equal_opportunity,wc_average_odds,constraint,difference_bound
1,0.697986577181208,0.6770025317819435,0.6850691835985954,0.6699032017870439,-0.0171650055370985,-0.0357142857142857,-0.0283704390847247,-0.0171650055370985,0.425,0.2443181818181818,dp,0.0
2,0.5973154362416108,0.6070833333333333,0.6098360382020971,0.6066666666666667,0.1281542898341744,0.3,0.1782866379310345,0.1281542898341744,0.3,0.1782866379310345,dp,0.0
3,0.738255033557047,0.7184115312791783,0.7139322444041138,0.7063998696955442,0.0723327305605786,0.0777777777777778,0.0384790528233151,0.0723327305605786,0.4166666666666666,0.2069047619047619,dp,0.0
4,0.6778523489932886,0.6577944015444015,0.6624115242529565,0.657019781634119,-0.0335861321776815,-0.1538461538461538,-0.086737400530504,-0.0335861321776815,0.3181818181818182,-0.1487760794599704,dp,0.0
5,0.6577181208053692,0.6282595423152699,0.6496463560334528,0.6208963091670654,-0.103954802259887,-0.411371237458194,-0.2233689412469425,-0.103954802259887,0.4444444444444444,0.247631352282515,dp,0.0
6,0.6711409395973155,0.6947685616651134,0.6814710291912867,0.6653376599980815,0.0547920433996383,0.0151515151515151,0.0064643377369134,0.0547920433996383,0.4278846153846153,0.2644853319195424,dp,0.0
7,0.6912751677852349,0.6595267667184176,0.6815798319327732,0.6627353614623173,0.0503432494279176,-0.0085470085470085,-0.0260538073038072,0.0503432494279176,0.3823529411764705,0.17093837535014,dp,0.0
8,0.6510067114093959,0.6774196174196174,0.6904430339775167,0.6186045327221799,-0.0524891774891775,-0.0727272727272727,-0.0625122189638318,-0.0524891774891775,0.4,0.1883720930232558,dp,0.0
9,0.6711409395973155,0.6554592956295086,0.6593044167161815,0.6566917074158269,0.0924521487901769,0.2666666666666667,0.1330773169482847,0.0924521487901769,0.2678571428571429,0.1330773169482847,dp,0.0
10,0.6241610738255033,0.633774402481299,0.6462905491698595,0.629170904313925,0.1452252252252252,0.0555555555555555,0.0650247413405308,0.1452252252252252,0.35,0.2222990777338603,dp,0.0
1,0.7248322147651006,0.7244303065355696,0.7268788180552886,0.7147742383259712,-0.039313399778516,-0.2142857142857143,-0.1048237476808905,-0.039313399778516,0.3137254901960783,0.1328650037089934,dp,0.005
2,0.6375838926174496,0.6418400209808549,0.6500293862285448,0.6453051854857494,0.1281542898341744,0.3,0.1782866379310345,0.1281542898341744,0.3573667711598746,0.1782866379310345,dp,0.005
3,0.738255033557047,0.7142176331525518,0.716772534785239,0.7046503753016358,0.0723327305605786,0.0777777777777778,0.0384790528233151,0.0723327305605786,0.4666666666666666,0.2761904761904761,dp,0.005
4,0.7114093959731543,0.6951888704157306,0.6817041554637463,0.6754946811569202,-0.0220296135789093,0.0769230769230768,0.0114058355437665,-0.0220296135789093,0.4705882352941176,0.172907960998607,dp,0.005
5,0.6778523489932886,0.670940170940171,0.6696535244922341,0.6421116702875633,0.0082862523540489,-0.1270903010033445,-0.052026656017571,0.0082862523540489,0.3819444444444444,0.1978628337639965,dp,0.005
6,0.6912751677852349,0.7096564507090822,0.7009171884645913,0.6974786606989997,0.0294755877034358,-0.2424242424242424,-0.1056522434683034,0.0294755877034358,0.3509615384615384,0.218087285521496,dp,0.005
7,0.697986577181208,0.6623187358481477,0.6889635854341737,0.6640693012929428,0.028604118993135,-0.047008547008547,-0.0528603341103341,0.028604118993135,0.4411764705882353,0.1884453781512605,dp,0.005
8,0.6577181208053692,0.684960587305415,0.6922058544903372,0.6477875215243541,-0.0247113997113997,-0.0727272727272727,-0.0463831867057673,-0.0247113997113997,0.5310344827586206,0.2688147075368945,dp,0.005
9,0.697986577181208,0.6864166741965605,0.67368330362448,0.656328922373547,0.0270855904658721,-0.1111111111111111,-0.0558115719406042,0.0270855904658721,0.6,0.2968487394957983,dp,0.005
10,0.6375838926174496,0.6598351648351648,0.659022030651341,0.636952768528795,0.1183783783783783,0.0,0.0295546558704453,0.1183783783783783,0.551948051948052,0.2375124875124875,dp,0.005
1,0.7114093959731543,0.6969028854556678,0.7031604325721974,0.6816270182519111,-0.0478036175710594,-0.1357142857142856,-0.0833178726035868,-0.0478036175710594,0.4967320261437908,0.2634704738285301,dp,0.01
2,0.6442953020134228,0.6506296296296296,0.6586238562746276,0.6542449080973671,0.1281542898341744,0.3,0.1782866379310345,0.1281542898341744,0.3,0.1782866379310345,dp,0.01
3,0.7181208053691275,0.6910495873857943,0.6977495462794919,0.6795929514110945,0.0723327305605786,0.0777777777777778,0.0384790528233151,0.0723327305605786,0.6166666666666666,0.334047619047619,dp,0.01
4,0.738255033557047,0.719427551780493,0.7152866854657136,0.7076959674323129,0.0074033947273383,0.0769230769230768,0.0277188328912466,0.0074033947273383,0.2727272727272727,0.0649350649350649,dp,0.01
5,0.7046979865771812,0.7026602564102564,0.6909199522102748,0.6676488488106909,0.0246704331450094,-0.0735785953177258,-0.0252708031747616,0.0246704331450094,0.3819444444444444,0.2094907407407407,dp,0.01
6,0.6912751677852349,0.7311184210526316,0.7001322867977775,0.6993831859240576,0.0009041591320072,-0.1868686868686868,-0.1030203395443739,0.0009041591320072,0.3928571428571429,0.1995054945054945,dp,0.01
7,0.6711409395973155,0.6341558441558441,0.6589131652661064,0.6414777554214174,0.0503432494279176,-0.0085470085470085,-0.0260538073038072,0.0503432494279176,0.2573529411764705,0.09593837535014,dp,0.01
8,0.6577181208053692,0.6616474166474167,0.6877763041556145,0.6512919274594768,-0.0256132756132756,-0.0727272727272727,-0.046871945259042,-0.0256132756132756,0.3275862068965517,0.1512974422195358,dp,0.01
9,0.6845637583892618,0.6676006546644844,0.671818577936225,0.6682511773940345,0.0911881545684362,0.2666666666666667,0.1329493087557604,0.0911881545684362,0.6000000000000001,0.2401260504201681,dp,0.01
10,0.6174496644295302,0.6391852050388636,0.6416609195402299,0.6144935714834349,0.1048648648648648,0.0,0.0218623481781376,0.1048648648648648,0.409090909090909,0.2132081686429512,dp,0.01
1,0.7114093959731543,0.7048957360722067,0.7064521858639505,0.6984005582500795,-0.0636766334440752,-0.1357142857142856,-0.0935219542362399,-0.0636766334440752,0.2602339181286549,0.0949142671398,dp,0.015
2,0.6308724832214765,0.6389080459770115,0.6413337340546317,0.6397942612318941,0.1281542898341744,0.3,0.1782866379310345,0.1281542898341744,0.3,0.1782866379310345,dp,0.015
3,0.7449664429530202,0.7275538548752835,0.7238989715668481,0.7188560275291563,0.0723327305605786,0.0777777777777778,0.0384790528233151,0.0723327305605786,-0.4428571428571429,-0.240018315018315,dp,0.015
4,0.738255033557047,0.721328320802005,0.7144800751961877,0.7107645112553949,0.0189599133261104,0.0769230769230769,0.0354111405835544,0.0189599133261104,0.2727272727272727,-0.080087408630354,dp,0.015
5,0.7114093959731543,0.6981739294472741,0.6964755077658304,0.6745017457407003,0.0357815442561205,-0.0301003344481606,-0.003531672739979,0.0357815442561205,0.3819444444444444,0.1978628337639965,dp,0.015
6,0.697986577181208,0.725925925925926,0.7050004409559926,0.7095171601688994,0.0547920433996383,0.0151515151515151,0.0064643377369134,0.0547920433996383,0.4278846153846153,0.2565488239830344,dp,0.015
7,0.7046979865771812,0.6736943272447118,0.6965826330532213,0.6685485922557317,0.0528222730739893,-0.0854700854700855,-0.05125777000777,0.0528222730739893,0.2573529411764705,0.0905812324929971,dp,0.015
8,0.6510067114093959,0.6578361475922453,0.6844164456233421,0.6410989336339573,-0.0117243867243867,-0.0727272727272727,-0.0388074291300097,-0.0117243867243867,0.5310344827586206,0.2455588935834061,dp,0.015
9,0.6711409395973155,0.65594301994302,0.658806100217865,0.6555128205128204,0.0911881545684362,0.2666666666666667,0.1329493087557604,0.0911881545684362,0.4333333333333333,0.1389355742296918,dp,0.015
10,0.6442953020134228,0.6670830923462503,0.665272030651341,0.6432641663148397,0.1318918918918918,0.0,0.037246963562753,0.1318918918918918,0.551948051948052,0.2375124875124875,dp,0.015
1,0.7248322147651006,0.7261164853101857,0.718195344665933,0.7173504183156874,-0.0171650055370985,-0.0857142857142857,-0.0457946815089672,-0.0171650055370985,0.2602339181286549,0.0692880820589798,dp,0.02
2,0.6174496644295302,0.6128895211000474,0.6305815282322996,0.6174766345685085,0.1423936553713049,0.2833333333333333,0.1785739942528735,0.1423936553713049,0.5303030303030303,-0.2264254385964912,dp,0.02
3,0.7449664429530202,0.7237694245843742,0.7253357531760436,0.7180164754073672,0.0596745027124774,0.0777777777777778,0.0302823315118397,0.0596745027124774,0.4166666666666666,0.2311904761904761,dp,0.02
4,0.7718120805369127,0.760551025163094,0.7615782455680155,0.7586135477494171,0.0202239075478512,0.0769230769230768,0.0354111405835543,0.0202239075478512,-0.4342105263157895,-0.2445527713794986,dp,0.02
5,0.6845637583892618,0.6582626102550202,0.6694695340501793,0.6591136773464964,0.0691148775894538,0.0568561872909698,0.0474092746967503,0.0691148775894538,0.5272727272727273,0.2439935064935065,dp,0.02
6,0.6845637583892618,0.7115553171768088,0.6960490343063762,0.6908778943861403,0.0437613019891501,-0.207070707070707,-0.0797787544800604,0.0437613019891501,0.3428571428571429,-0.1695075757575758,dp,0.02
7,0.7046979865771812,0.6760249554367201,0.6996974789915967,0.6817841921600586,0.028604118993135,-0.1581196581196581,-0.0979992229992229,0.028604118993135,0.5073529411764706,0.239390756302521,dp,0.02
8,0.6711409395973155,0.6827561798251452,0.7048432171276999,0.6649458689458689,0.0003607503607503,0.0181818181818181,0.006158357771261,0.0003607503607503,0.4620689655172413,0.2110761349627165,dp,0.02
9,0.6644295302013423,0.6442692307692307,0.6456367597544068,0.6441136130138687,0.0911881545684362,0.2666666666666667,0.1329493087557604,0.0911881545684362,0.3333333333333333,0.1329493087557604,dp,0.02
10,0.6644295302013423,0.6761013204949131,0.6798553639846743,0.6692292100296531,0.1183783783783783,0.0,0.0295546558704453,0.1183783783783783,0.35,0.2132081686429512,dp,0.02
1,0.697986577181208,0.7061995898838004,0.6789767466238054,0.6699256192009815,0.0018456995201181,-0.057142857142857,-0.0239332096474953,0.0018456995201181,0.2076023391812865,0.0761363636363636,dp,0.025
2,0.6241610738255033,0.6357484107484108,0.6379807727984447,0.6354695298086804,0.1418529199711607,0.3666666666666667,0.2116199712643678,0.1418529199711607,0.3666666666666667,0.2116199712643678,dp,0.025
3,0.7315436241610739,0.708030045351474,0.7086690865093769,0.7018038733341451,0.0723327305605786,0.0777777777777778,0.0384790528233151,0.0723327305605786,0.4166666666666666,0.2211904761904761,dp,0.025
4,0.7583892617449665,0.7438964279821811,0.7470002404529259,0.7423626609207574,0.0202239075478512,0.0769230769230768,0.0354111405835543,0.0202239075478512,0.6470588235294117,0.3010643237258473,dp,0.025
5,0.6912751677852349,0.6720047721745515,0.6817658303464755,0.6721993229323099,0.0357815442561205,-0.0301003344481606,-0.003531672739979,0.0357815442561205,0.3863636363636363,0.173538961038961,dp,0.025
6,0.6778523489932886,0.7161120589027565,0.6883675809154246,0.6893112012002951,0.0294755877034358,-0.0404040404040404,-0.0295101613523397,0.0294755877034358,0.3421052631578947,0.1710526315789473,dp,0.025
7,0.6845637583892618,0.6463780663780664,0.6726274509803922,0.654384285511046,0.0787566742944317,0.0299145299145299,0.0035936285936285,0.0787566742944317,0.2573529411764705,0.107051282051282,dp,0.025
8,0.6845637583892618,0.6894844870797684,0.7097945875963118,0.6862252549710177,0.0003607503607503,0.0181818181818181,0.006158357771261,0.0003607503607503,0.5252525252525252,0.230672942259494,dp,0.025
9,0.7046979865771812,0.6751173880585645,0.6792455931867696,0.6736256537798786,0.0911881545684362,0.1555555555555555,0.085458269329237,0.0911881545684362,0.4666666666666667,0.2018207282913165,dp,0.025
10,0.6241610738255033,0.6386922509015532,0.6465699233716474,0.6245534591194968,0.1318918918918918,0.0,0.037246963562753,0.1318918918918918,0.35,0.2132081686429512,dp,0.025
1,0.7248322147651006,0.7225974025974026,0.7130020615314734,0.7070826623725175,-0.0055370985603543,-0.0357142857142857,-0.0207946815089672,-0.0055370985603543,0.3202614379084967,0.1578721079999852,dp,0.03
2,0.6040268456375839,0.6036708074534161,0.6146487752027724,0.5925165185691501,0.1418529199711607,0.3666666666666667,0.2116199712643678,0.1418529199711607,0.4545454545454545,0.2116199712643678,dp,0.03
3,0.7248322147651006,0.7008055555555556,0.700139140955838,0.6877832305942906,0.0723327305605786,0.0777777777777778,0.0384790528233151,0.0723327305605786,0.5166666666666666,0.2497619047619047,dp,0.03
4,0.7651006711409396,0.7519177985285797,0.7500692941613659,0.7472230022608491,0.0202239075478512,0.0769230769230768,0.0354111405835543,0.0202239075478512,-0.631578947368421,-0.3506996684729785,dp,0.03
5,0.6577181208053692,0.6406610275689223,0.650647550776583,0.6395703481146013,0.0024482109227871,-0.1605351170568562,-0.0687490640443268,0.0024482109227871,0.4772727272727273,0.2541125541125541,dp,0.03
6,0.6778523489932886,0.708008658008658,0.6891524825822384,0.6878477048615542,0.0311030741410488,-0.207070707070707,-0.0879754757915358,0.0311030741410488,0.2928571428571429,-0.2007575757575757,dp,0.03
7,0.697986577181208,0.6711458992645605,0.6872941176470588,0.6741246342811686,0.0612128146453089,0.0299145299145299,-0.006823038073038,0.0612128146453089,0.3235294117647058,0.1230742296918767,dp,0.03
8,0.6577181208053692,0.6740243632336655,0.6953423013767841,0.640410516707852,0.0021645021645021,-0.0727272727272727,-0.0307429130009775,0.0021645021645021,0.6,0.3223880597014925,dp,0.03
9,0.697986577181208,0.6887835996531648,0.697897999603882,0.692269317617761,0.0911881545684362,0.1555555555555555,0.085458269329237,0.0911881545684362,0.4107142857142857,0.1732390873015873,dp,0.03
10,0.6577181208053692,0.6651644651644653,0.6748106641123883,0.6655050087308152,0.1452252252252252,0.0555555555555555,0.0650247413405308,0.1452252252252252,0.35,0.2041172595520421,dp,0.03
1,0.7449664429530202,0.745604993840288,0.7376523582405936,0.7387191136109401,-0.0330380214101144,-0.1071428571428571,-0.0640847247990104,-0.0330380214101144,0.2602339181286549,0.1026515151515151,dp,0.035
2,0.6308724832214765,0.6351489752780075,0.6443381419889134,0.6393779774057438,0.1281542898341744,0.3,0.1782866379310345,0.1281542898341744,0.3,0.1782866379310345,dp,0.035
3,0.7181208053691275,0.706392857142857,0.6949256762596145,0.6718756405513621,0.0580470162748643,-0.0222222222222222,-0.0115209471766849,0.0580470162748643,0.6666666666666666,0.3547619047619047,dp,0.035
4,0.7516778523489933,0.7369062362093807,0.7411178875117495,0.7355142536419361,0.0202239075478512,0.0769230769230768,0.0354111405835543,0.0202239075478512,0.7058823529411764,-0.4268510258697591,dp,0.035
5,0.6644295302013423,0.6395545977011494,0.6519068100358423,0.6402013926745729,0.0468926553672316,-0.0301003344481606,0.003931013827185,0.0468926553672316,0.4772727272727273,0.2294101731601731,dp,0.035
6,0.7181208053691275,0.7268821374703728,0.7272598994620336,0.7236055044087595,0.0025316455696202,-0.3888888888888888,-0.1788845667006267,0.0025316455696202,-0.3888888888888888,0.2189227074095495,dp,0.035
7,0.6912751677852349,0.6583347708584901,0.6842464985994398,0.6663252136400433,0.0570175438596491,-0.0085470085470085,-0.0232128982128981,0.0570175438596491,0.4126984126984127,0.18243488710038,dp,0.035
8,0.6577181208053692,0.6597570947570948,0.6892817670834912,0.6593263757115749,0.0281385281385281,0.0181818181818181,0.0222873900293255,0.0281385281385281,0.5252525252525252,0.2227540759077296,dp,0.035
9,0.6442953020134228,0.6220828157349896,0.6288676965735789,0.6248243231159284,0.0783676417479234,0.2,0.099615975422427,0.0783676417479234,0.3214285714285714,0.1205357142857142,dp,0.035
10,0.6442953020134228,0.6625703398768413,0.6652241379310344,0.6457033477870228,0.1318918918918918,0.0,0.037246963562753,0.1318918918918918,0.35,0.2132081686429512,dp,0.035
1,0.7516778523489933,0.7456366723259763,0.749718723248135,0.7415686274509804,-0.024547803617571,-0.0357142857142857,-0.0333178726035868,-0.024547803617571,0.2602339181286549,0.0768939393939394,dp,0.04
2,0.610738255033557,0.6226495726495727,0.6234305082481801,0.6220872919317341,0.1281542898341744,0.3,0.1782866379310345,0.1281542898341744,0.3,0.1782866379310345,dp,0.04
3,0.7114093959731543,0.6768242296918767,0.6894659061446721,0.6574787131148131,0.0580470162748643,-0.0222222222222222,-0.0115209471766849,0.0580470162748643,-0.5428571428571429,-0.3246336996336996,dp,0.04
4,0.7651006711409396,0.7550706704064235,0.755695892626839,0.7516251277869649,0.0343084145901047,0.0769230769230768,0.0440318302387267,0.0343084145901047,-0.7368421052631579,-0.3958685608531828,dp,0.04
5,0.6778523489932886,0.6564238207501966,0.6635651135005973,0.6398108423442201,0.0357815442561205,-0.0735785953177258,-0.0178081166075974,0.0357815442561205,0.4444444444444444,0.1996841803043353,dp,0.04
6,0.6577181208053692,0.7031098483536029,0.6717347208748567,0.6632730416581348,0.042133815551537,-0.095959595959596,-0.0408944965071667,0.042133815551537,0.5928571428571429,0.2818131868131868,dp,0.04
7,0.6912751677852349,0.6591081593927894,0.6815798319327732,0.666212414312296,0.0503432494279176,-0.0085470085470085,-0.0260538073038072,0.0503432494279176,0.3823529411764705,0.14593837535014,dp,0.04
8,0.6778523489932886,0.6784903625287126,0.7051755715548819,0.6741766371716102,0.0021645021645021,-0.0727272727272727,-0.0307429130009775,0.0021645021645021,0.5808080808080808,0.2672031512681693,dp,0.04
9,0.697986577181208,0.6805449735449735,0.6890744701921172,0.6835370480583246,0.0655471289274106,0.0222222222222222,0.0187916026625704,0.0655471289274106,0.4107142857142857,0.1653025793650793,dp,0.04
10,0.6375838926174496,0.6438692810457516,0.6593014048531289,0.6469138633073059,0.1452252252252252,0.1111111111111111,0.0840305892937472,0.1452252252252252,0.4048582995951417,0.2075521006172429,dp,0.04
1,0.7315436241610739,0.7249533995416348,0.7235497941380294,0.7158238964052412,0.0103359173126615,0.0142857142857143,0.0068336425479282,0.0103359173126615,0.3202614379084967,0.1296394710716961,dp,0.045
2,0.6241610738255033,0.6286152142431212,0.6357436719428303,0.6312961828481535,0.1281542898341744,0.3,0.1782866379310345,0.1281542898341744,0.3573667711598746,0.1782866379310345,dp,0.045
3,0.7114093959731543,0.6791132478632479,0.6879794313369632,0.6743770184970486,0.0723327305605786,0.0777777777777778,0.0384790528233151,0.0723327305605786,0.5666666666666667,0.2719047619047618,dp,0.045
4,0.7449664429530202,0.7290079891372995,0.7316379216123462,0.7272058516196448,0.0202239075478512,0.0769230769230768,0.0354111405835543,0.0202239075478512,0.6470588235294117,-0.3920606601248885,dp,0.045
5,0.6778523489932886,0.6477432195288981,0.6687287933094385,0.6500109068214573,0.0077212806026365,-0.117056856187291,-0.0504168122597713,0.0077212806026365,0.3863636363636363,0.1696699134199134,dp,0.045
6,0.7181208053691275,0.7431117901706138,0.7236616985624835,0.7280521524109249,0.040506329113924,-0.0757575757575756,-0.0389902077176319,0.040506329113924,0.4278846153846153,0.257384245871088,dp,0.045
7,0.6912751677852349,0.6591323875194843,0.6806274509803922,0.6667753412836233,0.0612128146453089,0.0299145299145299,-0.006823038073038,0.0612128146453089,0.3015873015873015,0.1198370780236977,dp,0.045
8,0.6442953020134228,0.6460831571529246,0.681302892509789,0.6311742888833888,0.0021645021645021,-0.0727272727272727,-0.0307429130009775,0.0021645021645021,0.6,0.2991322457480042,dp,0.045
9,0.6644295302013423,0.6398057445200303,0.6420566448801743,0.6406892109500806,0.0924521487901769,0.2666666666666667,0.1330773169482847,0.0924521487901769,0.3928571428571429,0.2034970238095238,dp,0.045
10,0.6442953020134228,0.6526333207022862,0.6585191570881226,0.6519343155927709,0.1185585585585585,0.0,0.0284750337381916,0.1185585585585585,0.35,0.2132081686429512,dp,0.045
1,0.7718120805369127,0.7644174941195064,0.7704362410244763,0.7626359704538073,-0.0129198966408268,0.0142857142857143,-0.0083178726035868,-0.0129198966408268,0.2602339181286549,0.0692880820589798,dp,0.05
2,0.6174496644295302,0.6287039076842381,0.6321261604220931,0.6286222461363704,0.1281542898341744,0.3,0.1782866379310345,0.1281542898341744,0.3,0.1782866379310345,dp,0.05
3,0.7046979865771812,0.6663298802279533,0.6784556218131536,0.6635732090223859,0.0437613019891501,-0.0222222222222222,-0.0198542805100182,0.0437613019891501,0.4055555555555555,0.1813492063492063,dp,0.05
4,0.7651006711409396,0.7550706704064235,0.755695892626839,0.7516251277869649,0.0343084145901047,0.0769230769230768,0.0440318302387267,0.0343084145901047,-0.7368421052631579,-0.3958685608531828,dp,0.05
5,0.6778523489932886,0.6524691130370643,0.6639139784946237,0.6526232902284221,0.0580037664783427,0.0133779264214046,0.0256701442619677,0.0580037664783427,0.5272727272727273,0.2544101731601731,dp,0.05
6,0.6577181208053692,0.7068832616658705,0.6725196225416703,0.6615980702249963,0.0294755877034358,-0.2424242424242424,-0.1056522434683034,0.0294755877034358,0.5928571428571429,0.3195054945054945,dp,0.05
7,0.697986577181208,0.6707277638198691,0.6863417366946779,0.6764857402065457,0.0612128146453089,-0.0811965811965811,-0.0519619269619269,0.0612128146453089,0.3235294117647058,0.1224789915966386,dp,0.05
8,0.6577181208053692,0.6635503335140358,0.6895280725022104,0.6560545755894218,0.0142496392496392,0.0181818181818181,0.0142228739002932,0.0142496392496392,0.7626262626262625,0.3660311085290246,dp,0.05
9,0.6845637583892618,0.650765737874097,0.6644933650227769,0.6554080217945764,0.0783676417479234,0.1555555555555555,0.0775217613927291,0.0783676417479234,0.3392857142857143,0.1687748015873016,dp,0.05
10,0.6577181208053692,0.6656364468864469,0.6730067049808428,0.6627210878426555,0.1318918918918918,0.0,0.037246963562753,0.1318918918918918,0.35,0.2132081686429512,dp,0.05
1,0.7248322147651006,0.7287276449041155,0.7134790090672444,0.7075876899743785,0.0060908084163898,0.0142857142857143,0.0042053184910328,0.0060908084163898,0.3,0.1727272727272727,dp,0.055
2,0.610738255033557,0.6141746031746032,0.6221492018967474,0.6167249533450929,0.1281542898341744,0.3,0.1782866379310345,0.1281542898341744,0.3573667711598746,-0.187207899894467,dp,0.055
3,0.7315436241610739,0.7054730225423503,0.7070356926799758,0.6968955111886872,0.0723327305605786,0.0777777777777778,0.0384790528233151,0.0723327305605786,0.4666666666666666,0.2147619047619047,dp,0.055
4,0.7315436241610739,0.7104373837820357,0.7160342754716156,0.7105439682216101,0.033044420368364,0.1538461538461538,0.0738726790450928,0.033044420368364,0.7058823529411764,-0.3742194469223907,dp,0.055
5,0.6577181208053692,0.6544258832565284,0.6477658303464755,0.6274201559330044,0.0024482109227871,-0.1605351170568562,-0.0687490640443268,0.0024482109227871,0.5272727272727273,0.2791125541125541,dp,0.055
6,0.7114093959731543,0.729657053186465,0.7185642472881206,0.7193641609649324,0.0184448462929475,-0.207070707070707,-0.0961721971030112,0.0184448462929475,0.3357142857142857,-0.1590909090909091,dp,0.055
7,0.6912751677852349,0.6462337662337662,0.6817478991596639,0.6534333776524445,0.0461479786422578,-0.047008547008547,-0.0424436674436674,0.0461479786422578,0.3161764705882353,0.1318977591036414,dp,0.055
8,0.697986577181208,0.7005057578586991,0.7200509978527221,0.7026938417378996,0.0281385281385281,0.0181818181818181,0.0222873900293255,0.0281385281385281,0.6717171717171717,0.3041831204515283,dp,0.055
9,0.6577181208053692,0.6314917886346457,0.6392259853436324,0.6340600504977404,0.0924521487901769,0.2666666666666667,0.1330773169482847,0.0924521487901769,0.2678571428571429,0.1330773169482847,dp,0.055
10,0.6711409395973155,0.6905201997035028,0.6884680715197956,0.6784331328760884,0.145045045045045,0.1111111111111111,0.0851102114260009,0.145045045045045,0.35,0.195026350461133,dp,0.055
1,0.7315436241610739,0.7199032062915911,0.7273528538234421,0.7063043812361091,-0.0636766334440752,-0.207142857142857,-0.1190321583178725,-0.0636766334440752,0.2679738562091502,-0.1190321583178725,dp,0.06
2,0.6174496644295302,0.6317674843216639,0.6305733653910373,0.629395991430453,0.1281542898341744,0.3,0.1782866379310345,0.1281542898341744,0.3,0.1782866379310345,dp,0.06
3,0.738255033557047,0.7127063464939404,0.7139322444041138,0.7059534822031799,0.0723327305605786,0.0777777777777778,0.0384790528233151,0.0723327305605786,0.4166666666666666,0.1969047619047619,dp,0.06
4,0.7516778523489933,0.738248067721752,0.7411178875117495,0.7350455540286048,0.0343084145901047,0.0769230769230768,0.0440318302387267,0.0343084145901047,-0.6842105263157895,-0.4183764495985727,dp,0.06
5,0.6778523489932886,0.6540134434530986,0.6675579450418161,0.6522546994183449,0.0135593220338983,-0.117056856187291,-0.0470099336095442,0.0135593220338983,0.3454545454545455,0.1706439393939394,dp,0.06
6,0.7181208053691275,0.747016653016653,0.7246758973454448,0.7279697299627058,0.040506329113924,-0.0757575757575756,-0.0389902077176319,0.040506329113924,0.3509615384615384,0.2268592153460574,dp,0.06
7,0.7114093959731543,0.6871843434343434,0.7070812324929971,0.6914442530889451,0.0461479786422578,-0.047008547008547,-0.0424436674436674,0.0461479786422578,0.3015873015873015,0.109420411357031,dp,0.06
8,0.7046979865771812,0.7062331767461651,0.7271938549955792,0.7098387096774194,0.0281385281385281,0.0181818181818181,0.0222873900293255,0.0281385281385281,0.6717171717171717,-0.3463063591425391,dp,0.06
9,0.6778523489932886,0.6530271421699994,0.6646502277678747,0.6577067432173814,0.0783676417479234,0.1555555555555555,0.0775217613927291,0.0783676417479234,0.3392857142857143,0.1767113095238095,dp,0.06
10,0.6577181208053692,0.6730598290598291,0.6743477011494253,0.6624168200709875,0.1185585585585585,0.0,0.0284750337381916,0.1185585585585585,0.3701298701298702,0.2132081686429512,dp,0.06
1,0.7315436241610739,0.736952706517924,0.7187203363673952,0.7160688111307485,-0.009782207456626,-0.057142857142857,-0.0315089672232528,-0.009782207456626,0.2076023391812865,0.0943181818181818,dp,0.065
2,0.6375838926174496,0.6471191615402142,0.6495002856994441,0.64680110572025,0.1007570295602018,0.1666666666666666,0.1116199712643677,0.1007570295602018,0.3573667711598746,-0.2652645861601085,dp,0.065
3,0.7315436241610739,0.7112514208581984,0.7070356926799758,0.6971327302156387,0.0723327305605786,0.0777777777777778,0.0384790528233151,0.0723327305605786,0.3055555555555556,0.1442063492063492,dp,0.065
4,0.7583892617449665,0.7439347421584264,0.7470002404529259,0.7418718435790228,0.0202239075478512,0.0769230769230768,0.0354111405835543,0.0202239075478512,-0.6842105263157895,-0.4183764495985727,dp,0.065
5,0.6644295302013423,0.6477983570852841,0.6580549581839904,0.6452420107828077,-0.0086629001883239,-0.1605351170568562,-0.076211750611491,-0.0086629001883239,0.4772727272727273,0.2436958874458874,dp,0.065
6,0.6442953020134228,0.6784754041967664,0.6513008201781462,0.6543040184932417,0.0531645569620253,-0.0404040404040404,-0.0133945736890999,0.0531645569620253,0.5394736842105263,0.3225471531392584,dp,0.065
7,0.7181208053691275,0.6949987789744382,0.7091764705882353,0.6977809365869068,0.0327993897787948,-0.1196581196581195,-0.0816093628593628,0.0327993897787948,0.2352941176470587,0.1166666666666666,dp,0.065
8,0.6442953020134228,0.6534150945538275,0.6825620500189465,0.6346626445449975,0.0003607503607503,0.0181818181818181,0.006158357771261,0.0003607503607503,0.5655172413793104,0.2628002728937509,dp,0.065
9,0.6577181208053692,0.6314917886346457,0.6392259853436324,0.6340600504977404,0.0924521487901769,0.2666666666666667,0.1330773169482847,0.0924521487901769,0.2678571428571429,0.1330773169482847,dp,0.065
10,0.6375838926174496,0.642022338022338,0.6587905491698595,0.6450295142531456,0.1318918918918918,0.0555555555555555,0.0562528115159694,0.1318918918918918,0.4048582995951417,0.2132081686429512,dp,0.065
1,0.7181208053691275,0.7106229235880399,0.7045987001869355,0.6993266171792152,-0.0055370985603543,0.0142857142857143,-0.0033704390847247,-0.0055370985603543,0.55,0.2977272727272727,dp,0.07
2,0.6174496644295302,0.6226408746846089,0.633773199165906,0.6265896222036573,0.155551550108147,0.3666666666666667,0.2202406609195402,0.155551550108147,0.3666666666666667,0.2202406609195402,dp,0.07
3,0.7046979865771812,0.6720873329568983,0.6817556823092212,0.6734234843362632,0.0564195298372513,-0.0222222222222222,-0.0116575591985428,0.0564195298372513,0.1944444444444444,-0.1791452991452991,dp,0.07
4,0.7583892617449665,0.7439347421584264,0.7470002404529259,0.7418718435790228,0.0202239075478512,0.0769230769230768,0.0354111405835543,0.0202239075478512,-0.6842105263157895,-0.4183764495985727,dp,0.07
5,0.6711409395973155,0.6521556114981559,0.6608028673835126,0.6526317899973342,0.0357815442561205,-0.0735785953177258,-0.0178081166075974,0.0357815442561205,0.5272727272727273,0.2791125541125541,dp,0.07
6,0.6845637583892618,0.7244827845495254,0.690422435840903,0.6992604717652157,0.040506329113924,-0.0404040404040404,-0.0215912950005753,0.040506329113924,0.5921052631578947,0.2960526315789473,dp,0.07
7,0.697986577181208,0.6665463862495997,0.6863417366946779,0.6737158844281759,0.0436689549961861,-0.0811965811965811,-0.0623785936285936,0.0436689549961861,0.3823529411764705,0.13343837535014,dp,0.07
8,0.6778523489932886,0.6858166045824847,0.7038074712643677,0.6754811968126238,0.0012626262626262,-0.0727272727272727,-0.0312316715542522,0.0012626262626262,0.3434343434343434,0.080482710744593,dp,0.07
9,0.6778523489932886,0.6466666666666667,0.6605717963953259,0.6517497736168174,0.0783676417479234,0.1555555555555555,0.0775217613927291,0.0783676417479234,0.3392857142857143,0.1687748015873016,dp,0.07
10,0.6778523489932886,0.6843377755142461,0.6914773307790549,0.6842624042624043,0.1317117117117117,0.0555555555555555,0.0573324336482231,0.1317117117117117,0.35,0.2041172595520421,dp,0.07
1,0.697986577181208,0.6992397660818713,0.6842425327719446,0.6858946608946608,-0.0214101144333702,-0.1571428571428571,-0.0739332096474953,-0.0214101144333702,0.3,0.2045454545454545,dp,0.075
2,0.6375838926174496,0.6436914936914937,0.6515821812596005,0.6462462348190463,0.1144556596971881,0.3,0.1696659482758621,0.1144556596971881,0.3573667711598746,0.1696659482758621,dp,0.075
3,0.738255033557047,0.7215170985935604,0.7222154524241639,0.7177085077225083,0.0976491862567812,0.1333333333333334,0.0744535519125683,0.0976491862567812,-0.2277777777777778,-0.1624603174603174,dp,0.075
4,0.7516778523489933,0.7406489616167036,0.7405526045423745,0.7383286557536815,0.033044420368364,0.1538461538461538,0.0738726790450928,0.033044420368364,0.588235294117647,-0.3018510258697591,dp,0.075
5,0.6845637583892618,0.659135779703731,0.6703655913978495,0.6591806672776024,0.0580037664783427,0.0133779264214046,0.0256701442619677,0.0580037664783427,0.5772727272727273,0.2898268398268398,dp,0.075
6,0.6577181208053692,0.687896047307812,0.6658788252932357,0.6695242533660211,0.0262206148282097,-0.1313131313131312,-0.0670458404551208,0.0262206148282097,0.5921052631578947,0.3697806214253583,dp,0.075
7,0.697986577181208,0.6703975236233302,0.6895798319327732,0.6762051514279686,0.0503432494279176,-0.0085470085470085,-0.0260538073038072,0.0503432494279176,0.3235294117647058,0.1165266106442576,dp,0.075
8,0.697986577181208,0.7081603581603582,0.7253560376405204,0.6979077845827597,0.0281385281385281,0.0181818181818181,0.0222873900293255,0.0281385281385281,0.2525252525252525,0.0632413314342481,dp,0.075
9,0.6711409395973155,0.6502447964751822,0.6594246385422855,0.6485656565656566,0.0911881545684362,0.1555555555555555,0.085458269329237,0.0911881545684362,0.2857142857142857,0.1496775793650793,dp,0.075
10,0.6174496644295302,0.6221744439135743,0.6389310344827586,0.6239667065566724,0.1318918918918918,0.0,0.037246963562753,0.1318918918918918,0.4048582995951417,0.2254092434743858,dp,0.075
1,0.7248322147651006,0.7263637312979419,0.715510258157317,0.7183485540334855,0.0018456995201181,-0.057142857142857,-0.0239332096474953,0.0018456995201181,0.3128654970760234,0.1068181818181818,dp,0.08
2,0.5973154362416108,0.609563748079877,0.6113888332331531,0.6082326781665351,0.1281542898341744,0.3,0.1782866379310345,0.1281542898341744,0.3,0.1782866379310345,dp,0.08
3,0.738255033557047,0.7178939101877633,0.7176752225391064,0.7143859649122808,0.0976491862567812,0.1333333333333334,0.0744535519125683,0.0976491862567812,0.4777777777777778,0.2246031746031746,dp,0.08
4,0.7651006711409396,0.7542857675685,0.7482593394102347,0.7473128783258762,0.033044420368364,0.1538461538461538,0.0738726790450928,0.033044420368364,0.4705882352941176,-0.2068465655664585,dp,0.08
5,0.6577181208053692,0.6364738354506956,0.6497514934289128,0.6377387030826711,0.0246704331450094,-0.117056856187291,-0.03954724704238,0.0246704331450094,0.4272727272727272,0.2115530303030303,dp,0.08
6,0.6375838926174496,0.694358369792076,0.6520592644854043,0.6361149133352523,0.0294755877034358,-0.095959595959596,-0.0490912178186421,0.0294755877034358,0.3785714285714285,0.2123626373626373,dp,0.08
7,0.6912751677852349,0.6710984848484849,0.6896022408963586,0.672980068491834,0.0352784134248665,-0.0854700854700855,-0.0616744366744366,0.0352784134248665,0.3015873015873015,0.1026715850659512,dp,0.08
8,0.6912751677852349,0.7033080960058646,0.7176005747126436,0.6880458276490923,0.0151515151515151,-0.0727272727272727,-0.0231671554252199,0.0151515151515151,0.3586206896551723,0.1593519970316819,dp,0.08
9,0.697986577181208,0.6674501210932995,0.6797785700138641,0.6604795113969884,0.0527266161068978,-0.0444444444444445,-0.0145417306707629,0.0527266161068978,0.6,0.270063025210084,dp,0.08
10,0.6644295302013423,0.6801705406968565,0.6812442528735632,0.6677309482969861,0.1318918918918918,0.0,0.037246963562753,0.1318918918918918,0.3701298701298702,0.2132081686429512,dp,0.08
1,0.7583892617449665,0.7520426941479573,0.7549600505482859,0.7495656145501999,-0.0012919896640826,0.0142857142857143,-0.0007421150278292,-0.0012919896640826,0.2602339181286549,0.0784090909090909,dp,0.085
2,0.6510067114093959,0.6570470085470086,0.6633593060100773,0.6593147638125894,0.1144556596971881,0.2333333333333332,0.1449533045977011,0.1144556596971881,0.3573667711598746,0.1449533045977011,dp,0.085
3,0.7315436241610739,0.7144094362310682,0.7087023593466425,0.7005630791161795,0.0849909584086799,0.0777777777777778,0.0466757741347905,0.0849909584086799,0.4666666666666666,0.2319047619047619,dp,0.085
4,0.7718120805369127,0.761039928177025,0.7607939318425252,0.7585608345362715,0.0202239075478512,0.0769230769230768,0.0354111405835543,0.0202239075478512,-0.4342105263157895,-0.2604900342178492,dp,0.085
5,0.6711409395973155,0.6487516869095816,0.6608626045400239,0.6496593362551553,0.0468926553672316,-0.0301003344481606,0.003931013827185,0.0468926553672316,0.4272727272727272,0.2076839826839826,dp,0.085
6,0.6577181208053692,0.6997947115237307,0.6658788252932357,0.6708091968003784,0.040506329113924,-0.0404040404040404,-0.0215912950005753,0.040506329113924,-0.65,-0.4073076923076923,dp,0.085
7,0.7046979865771812,0.666049636637872,0.6954621848739496,0.6710909207050608,0.0570175438596491,-0.0085470085470085,-0.0232128982128981,0.0570175438596491,0.2573529411764705,0.0840336134453781,dp,0.085
8,0.6644295302013423,0.6763867554190135,0.6923953201970443,0.6673809523809523,0.0281385281385281,0.0181818181818181,0.0222873900293255,0.0281385281385281,0.6717171717171717,0.3290511393456656,dp,0.085
9,0.6577181208053692,0.6314917886346457,0.6392259853436324,0.6340600504977404,0.0924521487901769,0.2666666666666667,0.1330773169482847,0.0924521487901769,0.2678571428571429,0.1330773169482847,dp,0.085
10,0.6442953020134228,0.6539393939393939,0.6618955938697317,0.6490606769666792,0.1183783783783783,0.0,0.0295546558704453,0.1183783783783783,0.35,0.2132081686429512,dp,0.085
1,0.7516778523489933,0.7456366723259763,0.749718723248135,0.7415686274509804,-0.024547803617571,-0.0357142857142857,-0.0333178726035868,-0.024547803617571,0.2602339181286549,0.0768939393939394,dp,0.09
2,0.6442953020134228,0.6455373020078903,0.6577359617682198,0.6448519481038903,0.072819033886085,0.1833333333333333,0.1027119252873563,0.072819033886085,0.4242424242424242,0.141916679230112,dp,0.09
3,0.7181208053691275,0.6968314966940492,0.7014428312159711,0.6981337441382786,0.0849909584086799,0.0777777777777778,0.0466757741347905,0.0849909584086799,-0.2777777777777778,-0.2174603174603174,dp,0.09
4,0.7785234899328859,0.7693194980694981,0.7666762847837016,0.7654367493191631,0.0202239075478512,0.0769230769230768,0.0354111405835543,0.0202239075478512,0.4705882352941176,-0.2679527207850134,dp,0.09
5,0.6644295302013423,0.6409880280083284,0.6546547192353644,0.6408627127021538,0.0135593220338983,-0.117056856187291,-0.0470099336095442,0.0135593220338983,0.3863636363636363,0.1910984848484848,dp,0.09
6,0.6711409395973155,0.6959416950510919,0.6804568304083253,0.680241250243911,0.0151898734177215,-0.2424242424242424,-0.1141268197394899,0.0151898734177215,0.3509615384615384,0.2251883715699505,dp,0.09
7,0.6711409395973155,0.6402740333670126,0.6633165266106442,0.6473750296138355,0.0394736842105263,-0.047008547008547,-0.0452845765345765,0.0394736842105263,0.3823529411764705,0.1274859943977591,dp,0.09
8,0.6912751677852349,0.7077231450719823,0.7187223695844385,0.6864134027107378,0.0021645021645021,-0.0727272727272727,-0.0307429130009775,0.0021645021645021,0.2586206896551724,0.1018893104645178,dp,0.09
9,0.6845637583892618,0.6538774138040051,0.667736779560309,0.6585625446069844,0.0258215962441314,-0.1111111111111111,-0.0559395801331285,0.0258215962441314,0.3999999999999999,0.1164915966386554,dp,0.09
10,0.6241610738255033,0.6311428571428571,0.6424990421455938,0.6349110692288706,0.1185585585585585,0.0,0.0284750337381916,0.1185585585585585,0.35,0.2132081686429512,dp,0.09
1,0.738255033557047,0.7345477830771949,0.7318615803909921,0.7276033386327504,-0.017165005537098543,-0.0357142857142857,-0.028370439084724787,-0.017165005537098543,0.26023391812865493,0.11856060606060606,dp,0.095
2,0.6442953020134228,0.6553219852043382,0.6590505502497088,0.65524259833073,0.11445565969718817,0.23333333333333328,0.14495330459770112,0.11445565969718817,0.26645768025078376,-0.1484873611739283,dp,0.095
3,0.7248322147651006,0.7014794685990339,0.7062794918330308,0.6941830212797955,0.07233273056057868,0.07777777777777783,0.038479052823315145,0.07233273056057868,0.5166666666666666,0.25690476190476186,dp,0.095
4,0.7718120805369127,0.7637293221164188,0.7607939318425252,0.7590659605521148,0.0074033947273383915,0.07692307692307687,0.02771883289124666,0.0074033947273383915,0.5294117647058824,-0.2679527207850134,dp,0.095
5,0.6510067114093959,0.6248936010226334,0.6351660692951014,0.6267187688363164,0.029943502824858748,-0.030100334448160626,-0.006938551390206205,0.029943502824858748,0.6181818181818182,0.3492694805194805,dp,0.095
6,0.7114093959731543,0.753953081232493,0.7248787371020372,0.7153481944779791,0.10216998191681739,-0.05555555555555558,0.0038976876292797294,0.10216998191681739,0.4428571428571429,0.21681318681318684,dp,0.095
7,0.7046979865771812,0.6760086726998492,0.6987002801120449,0.6752960086467117,0.06369183829138064,0.0641025641025641,0.013111888111888112,0.06369183829138064,0.38235294117647056,0.1405812324929972,dp,0.095
8,0.6778523489932886,0.6934760408248779,0.7084659593280282,0.6701190890579337,0.0021645021645021745,-0.07272727272727275,-0.030742913000977527,0.0021645021645021745,0.3275862068965517,0.1363720690852075,dp,0.095
9,0.7046979865771812,0.6804250713825182,0.6951778570013865,0.6853038461032381,0.06554712892741063,0.022222222222222254,0.01879160266257042,0.06554712892741063,0.39999999999999997,0.11649159663865545,dp,0.095
10,0.6510067114093959,0.6685238737870317,0.6701331417624521,0.6531336878662171,0.13189189189189188,0.0,0.03724696356275303,0.13189189189189188,0.4610389610389611,0.21320816864295125,dp,0.095
